index,EY,B/P,S/P,CFY,DY,Compo_Zscore,Last_updated,UpdateMode,URL,Name,EY_Zscore,B/P_Zscore,S/P_Zscore,CFY_Zscore,DY_Zscore,P/E1,P/B,P/S,P/CF,EG,HG,SG,CFG,BG,Composite,Basic Materials,Consumer Cyclical,Financial Services,Real Estate,Communication Services,Energy,Industrials,Technology,Consumer Defensive,Healthcare,Utilities,Date
GXG,18.5185185185185,1.47058823529412,1.88679245283019,59.1715976331361,17.16,4.0009259676418,2023-11-27,Selenium,https://www.morningstar.com/etfs/arcx/GXG/portfolio,Global X MSCI Colombia ETF,3.6626480912455,3.40181964032734,2.25308159269398,5.01603296616585,5.67104754777633,5.4,0.68,0.53,1.69,5.0,46.89,20.64,40.2,9.71,,15.26,0.0,37.12,0.0,2.74,24.44,2.45,0.0,0.0,0.0,17.99,2023-11-27
IVAL,13.7362637362637,1.04166666666667,2.5,61.7283950617284,6.59,2.87708620283626,2023-11-27,Selenium,https://www.morningstar.com/etfs/bats/IVAL/portfolio,Alpha Architect Intl Quant Val ETF,2.18028860081183,1.9931443263029,3.34467876248762,5.27680088367775,1.59051844090119,7.28,0.96,0.4,1.62,9.42,32.9,4.35,9.63,10.06,,16.78,30.58,0.0,1.63,0.0,17.88,18.66,6.57,1.98,0.0,5.94,2023-11-27
ECOW,12.2549019607843,0.909090909090909,2.17391304347826,39.8406374501992,12.38,2.58264942294125,2023-11-27,Selenium,https://www.morningstar.com/etfs/xnas/ECOW/portfolio,Pacer Emerging Markets Cash Cows 100 ETF,1.72110965978263,1.55773559287717,2.76419732436993,3.0444672198778,3.82573731779874,8.16,1.1,0.46,2.51,10.3,32.38,16.88,44.39,9.39,,20.26,9.67,0.0,0.0,10.07,23.99,12.93,11.37,7.51,1.45,2.75,2023-11-27
EUFN,13.7362637362637,1.13636363636364,1.03092783505155,65.7894736842105,5.91,2.44659109989724,2023-11-27,Selenium,https://www.morningstar.com/etfs/xnas/EUFN/portfolio,iShares MSCI Europe Financials ETF,2.18028860081183,2.30415056446414,0.729520118596601,5.69099052709421,1.32800568851944,7.28,0.88,0.97,1.52,14.59,16.47,1.06,26.93,0.75,,0.0,0.0,96.93,0.0,0.0,0.0,0.88,2.19,0.0,0.0,0.0,2023-11-27
EMVL,15.625,1.49253731343284,2.0,28.6532951289398,6.47,2.42838330727556,2023-11-27,Selenium,https://www.morningstar.com/etfs/xlon/EMVL/portfolio,iShares Edge MSCI EM Val Fac ETF USD Acc,2.76574175062407,3.47390537068253,2.4546072240405,1.90346952996157,1.54419266106912,6.4,0.67,0.5,3.49,8.18,19.62,12.85,17.1,9.11,,13.32,9.17,20.6,4.43,4.52,10.07,6.49,18.96,4.24,4.98,3.22,2023-11-27
REM,16.366612111293,1.31578947368421,0.246305418719212,27.6243093922652,15.04,2.37459480482294,2023-11-27,Selenium,https://www.morningstar.com/etfs/bats/REM/portfolio,iShares Mortgage Real Estate Capped ETF,2.99561987327761,2.89342554203281,-0.667220043813432,1.79852321520803,4.8526254374097,6.11,0.76,4.06,3.62,10.27,87.62,5.83,37.37,-13.86,,0.0,0.0,0.0,100.0,0.0,0.0,0.0,0.0,0.0,0.0,0.0,2023-11-27
GREK,19.0114068441065,1.17647058823529,1.66666666666667,37.593984962406,4.78,2.36392568236447,2023-11-27,Selenium,https://www.morningstar.com/etfs/arcx/GREK/portfolio,Global X MSCI Greece ETF,3.81542909527531,2.43587085356773,1.86122619840909,2.81533100280279,0.891771261767414,5.26,0.85,0.6,2.66,11.3,38.17,2.1,16.35,-31.06,,3.41,12.6,37.16,2.34,4.06,9.23,18.35,0.0,1.81,0.0,11.06,2023-11-27
FYLD,12.531328320802,1.13636363636364,1.88679245283019,32.0512820512821,10.72,2.35979074031328,2023-11-27,Selenium,https://www.morningstar.com/etfs/bats/FYLD/portfolio,Cambria Foreign Shareholder Yield ETF,1.80679376839573,2.30415056446414,2.25308159269398,2.25003041255747,3.18489736345505,7.98,0.88,0.53,3.12,6.78,25.21,13.99,27.7,7.72,,18.05,6.29,21.01,1.28,4.53,21.76,19.51,4.32,3.25,0.0,0.0,2023-11-27
TUR,20.6185567010309,0.757575757575758,2.08333333333333,36.6300366300366,5.32,2.3587863784865,2023-11-27,Selenium,https://www.morningstar.com/etfs/xnas/TUR/portfolio,iShares MSCI Turkey ETF,4.31359867248003,1.06012561181918,2.60295248044835,2.71701785667317,1.10023727101175,4.85,1.32,0.48,2.73,11.74,133.92,78.87,90.58,53.48,,16.38,11.78,15.73,1.42,3.88,7.46,25.64,1.24,11.69,1.74,3.03,2023-11-27
GVAL,14.4508670520231,1.2987012987013,1.72413793103448,32.6797385620915,7.67,2.30484187197175,2023-11-27,Selenium,https://www.morningstar.com/etfs/bats/GVAL/portfolio,Cambria Global Value ETF,2.40179478466092,2.83730411559769,1.96353327179382,2.31412672841648,2.00745045938985,6.92,0.77,0.58,3.06,9.41,27.58,17.85,6.31,5.14,,10.93,5.31,35.06,6.64,1.49,8.6,10.81,1.54,4.25,0.59,14.79,2023-11-27
DISV,12.4843945068664,1.42857142857143,2.56410256410256,27.4725274725275,5.45,2.28966592214038,2023-11-27,Selenium,https://www.morningstar.com/etfs/bats/DISV/portfolio,Dimensional International Sm Cp Val ETF,1.79224565507316,3.26382695650454,3.45879049818597,1.78304296844177,1.15042353249649,8.01,0.7,0.39,3.64,14.26,11.93,6.11,-4.72,5.39,,18.01,13.92,22.3,3.35,2.68,6.35,22.56,4.43,3.64,2.34,0.43,2023-11-27
EYLD,14.1442715700141,0.980392156862745,1.92307692307692,24.8756218905473,10.54,2.20998607538184,2023-11-27,Selenium,https://www.morningstar.com/etfs/bats/EYLD/portfolio,Cambria Emerging Shareholder Yield ETF,2.30675912822402,1.79190499572798,2.31767314120248,1.51818441804779,3.11540869370694,7.07,1.02,0.52,4.02,10.65,22.26,14.2,21.61,6.08,,11.57,9.33,14.88,1.06,0.0,17.11,10.59,24.38,4.7,2.25,4.13,2023-11-27
EWO,15.552099533437,1.20481927710843,2.08333333333333,26.3157894736842,5.77,2.16281954048067,2023-11-27,Selenium,https://www.morningstar.com/etfs/arcx/EWO/portfolio,iShares MSCI Austria ETF,2.74314473240001,2.52897435108672,2.60295248044835,1.66506719308622,1.27395894538202,6.43,0.83,0.48,3.8,10.31,40.33,22.05,26.91,9.12,,10.64,0.0,39.45,6.08,0.0,12.89,14.15,2.02,1.05,0.0,13.71,2023-11-27
ITKY,14.7492625368732,0.740740740740741,2.08333333333333,35.5871886120996,6.44,2.04906914373949,2023-08-28,Selenium,https://www.morningstar.com/etfs/xams/ITKY/portfolio,iShares MSCI Turkey ETF USD Dist,2.49428868116165,1.00483561392385,2.60295248044835,2.61065772705251,1.5326112161111,6.78,1.35,0.48,2.81,22.31,141.71,92.35,111.76,55.93,,14.79,12.11,22.47,0.0,5.54,10.01,26.14,0.0,8.94,0.0,0.0,2023-08-28
DEM,14.1442715700141,1.03092783505155,1.36986301369863,25.1889168765743,10.4,2.04180145571993,2023-11-27,Selenium,https://www.morningstar.com/etfs/arcx/DEM/portfolio,WisdomTree Emerging Markets High Div ETF,2.30675912822402,1.95787557764544,1.33287323038112,1.55013739177953,3.06136195056952,7.07,0.97,0.73,3.97,6.16,27.61,14.27,14.23,6.27,,14.39,4.34,25.61,1.75,2.3,20.58,4.25,16.8,4.25,0.3,5.44,2023-11-27
EXX1,17.5746924428823,1.66666666666667,0.847457627118644,12.853470437018,7.54,2.01362012572891,2023-11-27,Selenium,https://www.morningstar.com/etfs/xetr/EXX1/portfolio,iShares EURO STOXX Banks 30-15 ETF (DE),3.3700895379602,4.04578549816709,0.402916898128499,0.292044496483668,1.9572641979051,5.69,0.6,1.18,7.78,16.2,18.75,6.28,,5.48,,0.0,0.0,100.0,0.0,0.0,0.0,0.0,0.0,0.0,0.0,0.0,2023-11-27
QVAL,13.2100396301189,0.806451612903226,1.96078431372549,39.2156862745098,4.75,1.89670707189813,2023-11-27,Selenium,https://www.morningstar.com/etfs/bats/QVAL/portfolio,Alpha Architect US Quantitative Val ETF,2.01717447717014,1.22064496054756,2.38479769161328,2.98072841335027,0.880189816809396,7.57,1.24,0.51,2.55,11.21,53.22,21.86,37.81,15.85,,4.14,26.35,0.0,0.0,5.84,33.53,18.6,3.86,3.87,3.81,0.0,2023-11-27
DFEV,13.0718954248366,1.21951219512195,1.75438596491228,24.4498777506112,5.41,1.83574129400187,2023-11-27,Selenium,https://www.morningstar.com/etfs/arcx/DFEV/portfolio,Dimensional Emerging Markets Value ETF,1.97435380301692,2.57722921260572,2.01737909989104,1.47476274860989,1.1349816058858,7.65,0.82,0.57,4.09,9.57,10.97,10.39,7.04,4.04,,13.58,9.01,29.45,3.66,2.82,11.15,9.0,15.87,2.18,2.17,1.1,2023-11-27
EWI,12.8369704749679,0.869565217391305,1.42857142857143,40.650406504065,5.5,1.81272447527873,2023-11-27,Selenium,https://www.morningstar.com/etfs/arcx/EWI/portfolio,iShares MSCI Italy ETF,1.9015339210086,1.42792429347074,1.43738260867237,3.12705561248208,1.16972594075986,7.79,1.15,0.7,2.46,16.56,27.77,9.72,-3.52,5.26,,0.0,21.5,28.89,1.91,1.6,7.66,9.2,2.16,2.36,5.6,19.12,2023-11-27
XOP,12.7064803049555,0.869565217391305,1.53846153846154,35.7142857142857,5.88,1.7724114812851,2023-11-27,Selenium,https://www.morningstar.com/etfs/arcx/XOP/portfolio,SPDR® S&P Oil & Gas Explor & Prodtn ETF,1.86108577453093,1.42792429347074,1.63300272701239,2.62362036785003,1.31642424356142,7.87,1.15,0.65,2.8,12.94,104.39,41.35,76.54,12.49,,1.32,0.0,0.0,0.0,0.0,98.68,0.0,0.0,0.0,0.0,0.0,2023-11-27
PXH,13.7362637362637,1.01010101010101,1.66666666666667,25.974025974026,5.81,1.77012039309334,2023-11-27,Selenium,https://www.morningstar.com/etfs/arcx/PXH/portfolio,Invesco FTSE RAFI Emerging Markets ETF,2.18028860081183,1.88947558024916,1.86122619840909,1.6302107140039,1.28940087199271,7.28,0.99,0.6,3.85,7.74,12.94,11.83,8.96,7.08,,10.25,8.63,29.92,2.22,7.46,13.7,4.3,14.16,5.27,0.85,3.22,2023-11-27
DGS,11.8063754427391,1.03092783505155,1.72413793103448,22.6757369614512,7.37,1.73778848167036,2023-11-27,Selenium,https://www.morningstar.com/etfs/arcx/DGS/portfolio,WisdomTree Emerging Markets SmCp Div ETF,1.58207952211563,1.95787557764544,1.96353327179382,1.29381802698722,1.89163600980967,8.47,0.97,0.58,4.41,9.37,21.05,11.27,12.16,7.25,,12.23,12.58,14.41,6.11,2.75,4.33,13.95,18.76,6.2,3.32,5.36,2023-11-27
DFIV,12.0772946859903,1.14942528735632,1.66666666666667,24.390243902439,5.35,1.69096603303158,2023-11-27,Selenium,https://www.morningstar.com/etfs/arcx/DFIV/portfolio,Dimensional International Value ETF,1.66605658516648,2.34704797662431,1.86122619840909,1.46868068898827,1.11181871596976,8.28,0.87,0.6,4.1,9.84,22.44,9.6,12.92,7.26,,13.41,13.49,27.5,2.15,3.42,14.81,10.36,1.95,4.6,7.2,1.11,2023-11-27
EPOL,11.4155251141553,1.02040816326531,1.75438596491228,27.7777777777778,4.1,1.56901339884098,2023-11-27,Selenium,https://www.morningstar.com/etfs/arcx/EPOL/portfolio,iShares MSCI Poland ETF,1.46092732084329,1.92332659936875,2.01737909989104,1.81417546471615,0.629258509385665,8.76,0.98,0.57,3.6,9.4,30.06,21.55,9.76,-2.99,,8.1,10.38,44.85,0.0,5.93,11.73,2.7,2.57,8.67,0.0,5.08,2023-11-27
SYLD,11.6550116550117,0.775193798449612,1.92307692307692,29.585798816568,4.23,1.52976838951108,2023-11-27,Selenium,https://www.morningstar.com/etfs/bats/SYLD/portfolio,Cambria Shareholder Yield ETF,1.53516116300221,1.1179872375236,2.31767314120248,1.99857563495671,0.679444770870411,8.58,1.29,0.52,3.38,13.1,37.8,20.55,44.35,7.54,,15.37,17.83,18.08,0.0,1.79,22.61,11.99,4.74,2.12,5.46,0.0,2023-11-27
ILF,14.1242937853107,0.75187969924812,0.88495575221239,26.8817204301075,7.43,1.48984788340837,2023-11-27,Selenium,https://www.morningstar.com/etfs/arcx/ILF/portfolio,iShares Latin America 40 ETF,2.30056659769159,1.04141846967415,0.469668925910644,1.72278652403974,1.9147988997257,7.08,1.33,1.13,3.72,9.08,43.09,14.68,9.97,6.71,,21.81,1.77,30.55,1.02,4.86,14.06,7.92,0.0,14.13,1.18,2.71,2023-11-27
EWZ,14.1843971631206,0.806451612903226,1.20481927710843,26.3157894736842,5.57,1.48814602458881,2023-11-27,Selenium,https://www.morningstar.com/etfs/arcx/EWZ/portfolio,iShares MSCI Brazil ETF,2.31919689167637,1.22064496054756,1.03907176530532,1.66506719308622,1.19674931232856,7.05,1.24,0.83,3.8,12.59,37.96,21.94,8.59,10.83,,19.28,2.37,24.65,0.0,2.44,19.99,11.41,0.73,6.14,3.39,9.58,2023-11-27
EWY,11.3122171945701,1.25,1.85185185185185,20.0,2.67,1.47905486916872,2023-11-27,Selenium,https://www.morningstar.com/etfs/arcx/EWY/portfolio,iShares MSCI South Korea ETF,1.42890487912768,2.67735805025763,2.19088232375987,1.02091945964494,0.0772096330534557,8.84,0.8,0.54,5.0,18.15,15.85,13.13,1.88,9.27,,10.79,9.03,11.2,0.0,6.83,1.78,11.76,39.23,2.94,5.88,0.57,2023-11-27
DFSV,11.3765642775882,1.11111111111111,1.72413793103448,24.9376558603491,2.62,1.44320358567238,2023-11-27,Selenium,https://www.morningstar.com/etfs/arcx/DFSV/portfolio,Dimensional US Small Cap Value ETF,1.44885059794372,2.22121556762114,1.96353327179382,1.52451126621312,0.0579072247900918,8.79,0.9,0.58,4.01,13.26,13.54,6.28,4.0,-2.83,,7.49,15.1,26.45,1.55,3.06,10.47,17.64,7.68,5.41,5.01,0.14,2023-11-27
EFV,11.037527593819,0.99009900990099,1.36986301369863,21.7864923747277,5.35,1.36307189508269,2023-11-27,Selenium,https://www.morningstar.com/etfs/bats/EFV/portfolio,iShares MSCI EAFE Value ETF,1.34375911522823,1.82378449364084,1.33287323038112,1.20312392019351,1.11181871596976,9.06,1.01,0.73,4.59,10.21,16.97,10.46,11.18,6.97,,9.41,8.91,28.82,3.7,4.45,8.97,14.03,1.43,6.09,8.5,5.69,2023-11-27
MLXIX,8.95255147717099,0.355871886120996,2.32558139534884,30.2114803625378,5.74,1.35945436430589,2023-11-27,Selenium,https://www.morningstar.com/funds/xnas/MLXIX/portfolio,Catalyst Energy Infrastructure I,0.69747733507107,-0.259160636893265,3.0341886909363,2.06238893199134,1.262377500424,11.17,2.81,0.43,3.31,5.82,15.13,33.5,9.95,-3.74,,0.0,0.0,0.0,0.0,0.0,100.0,0.0,0.0,0.0,0.0,0.0,2023-11-27
PICK,9.92063492063492,0.813008130081301,1.35135135135135,21.0084033613445,7.15,1.29402496435055,2023-11-27,Selenium,https://www.morningstar.com/etfs/bats/PICK/portfolio,iShares MSCI Global Mtls&Mng Prdcrs ETF,0.997554964827519,1.24217804391357,1.29991982281181,1.12376657674901,1.80670541345087,10.08,1.23,0.74,4.76,9.41,22.01,18.96,23.19,14.55,,97.02,0.0,0.14,0.0,0.0,0.03,2.79,0.01,0.0,0.0,0.0,2023-11-27
PXF,10.5932203389831,0.952380952380952,1.47058823529412,20.7900207900208,4.69,1.27532917762197,2023-11-27,Selenium,https://www.morningstar.com/etfs/arcx/PXF/portfolio,Invesco FTSE RAFI Dev Mkts ex-US ETF,1.20603682608577,1.69990987317945,1.51217853627296,1.10149372567831,0.85702692689336,9.44,1.05,0.68,4.81,10.15,15.53,9.64,8.16,7.12,,9.03,10.08,25.61,2.37,4.71,9.34,13.98,6.75,7.18,6.54,4.41,2023-11-27
EWP,11.2485939257593,0.980392156862745,1.0989010989011,20.4081632653061,5.42,1.25060018263703,2023-11-27,Selenium,https://www.morningstar.com/etfs/arcx/EWP/portfolio,iShares MSCI Spain ETF,1.40918352160316,1.79190499572798,0.850522253652287,1.06254805466326,1.13884208753847,8.89,1.02,0.91,4.9,9.04,10.73,13.0,3.47,8.03,,0.0,8.88,32.88,4.22,4.45,4.24,14.27,0.0,0.0,2.12,28.95,2023-11-27
XRT,9.62463907603465,0.564971751412429,2.85714285714286,19.723865877712,2.31,1.24896168063315,2023-11-27,Selenium,https://www.morningstar.com/etfs/arcx/XRT/portfolio,SPDR® S&P Retail ETF,0.905804886809872,0.427570551152254,3.9804441470927,0.992756524553657,-0.0617677064427647,10.39,1.77,0.35,5.07,9.21,11.28,9.62,-25.64,8.8,,0.0,78.15,0.0,0.0,0.0,1.41,0.0,1.12,17.03,2.3,0.0,2023-11-27
IWN,10.5263157894737,0.99009900990099,1.38888888888889,24.8138957816377,3.39,1.24857563039153,2023-11-27,Selenium,https://www.morningstar.com/etfs/arcx/IWN/portfolio,iShares Russell 2000 Value ETF,1.18529836725534,1.82378449364084,1.36674201038291,1.51188896863265,0.355164312045897,9.5,1.01,0.72,4.03,12.91,14.46,9.56,4.99,1.44,,5.06,10.67,23.05,12.72,2.35,9.87,12.9,7.29,3.46,8.52,4.09,2023-11-27
FM,12.5,0.769230769230769,0.909090909090909,22.1729490022173,5.59,1.17102561867214,2023-11-27,Selenium,https://www.morningstar.com/etfs/arcx/FM/portfolio,iShares Frontier and Select EM ETF,1.79708290275291,1.0984033026698,0.512632958337697,1.24253865396639,1.20447027563391,8.0,1.3,1.1,4.51,9.52,17.58,14.59,16.8,10.94,,12.17,2.36,29.02,11.05,6.17,10.25,9.08,6.18,6.62,1.92,5.17,2023-11-27
XTN,8.7719298245614,0.641025641025641,2.12765957446808,31.25,1.65,1.17048924812354,2023-11-27,Selenium,https://www.morningstar.com/etfs/arcx/XTN/portfolio,SPDR® S&P Transportation ETF,0.641489891257505,0.677348703313041,2.68185953172913,2.16830760983722,-0.316559495519169,11.4,1.56,0.47,3.2,17.44,19.82,17.23,33.8,-0.97,,0.0,0.0,0.0,0.0,0.0,0.0,94.73,5.27,0.0,0.0,0.0,2023-11-27
KBE,12.987012987013,1.14942528735632,0.564971751412429,16.0513643659711,4.34,1.10705005483272,2023-11-27,Selenium,https://www.morningstar.com/etfs/arcx/KBE/portfolio,SPDR® S&P Bank ETF,1.94804272320037,2.34704797662431,-0.0999483778303252,0.618197883119457,0.721910069049812,7.7,0.87,1.77,6.23,12.49,18.33,9.01,,-2.22,,0.0,0.0,100.0,0.0,0.0,0.0,0.0,0.0,0.0,0.0,0.0,2023-11-27
KRE,12.1654501216545,1.21951219512195,0.50251256281407,16.0513643659711,4.68,1.10616821396166,2023-11-27,Selenium,https://www.morningstar.com/etfs/arcx/KRE/portfolio,SPDR® S&P Regional Banking ETF,1.69338219884457,2.57722921260572,-0.211134670002126,0.618197883119457,0.853166445240687,8.22,0.82,1.99,6.23,6.73,8.63,5.89,,-2.18,,0.0,0.0,100.0,0.0,0.0,0.0,0.0,0.0,0.0,0.0,0.0,2023-11-27
EWG,10.2249488752556,0.833333333333333,1.47058823529412,19.4552529182879,4.11,1.10229444345604,2023-11-27,Selenium,https://www.morningstar.com/etfs/arcx/EWG/portfolio,iShares MSCI Germany ETF,1.0918834143232,1.30893060234817,1.51217853627296,0.965360673297543,0.633118991038338,9.78,1.2,0.68,5.14,10.4,16.01,9.24,1.25,9.55,,7.57,14.5,19.28,2.37,6.12,0.0,17.71,16.7,2.63,8.88,4.24,2023-11-27
IWC,10.6382978723404,0.900900900900901,1.51515151515152,22.5225225225225,2.03,1.09013706756413,2023-11-27,Selenium,https://www.morningstar.com/etfs/arcx/IWC/portfolio,iShares Micro-Cap ETF,1.22000954657436,1.53083775606322,1.59150755039481,1.27819167750587,-0.169861192717603,9.4,1.11,0.66,4.44,33.73,7.58,0.91,-9.77,-3.73,,4.01,9.93,19.86,5.79,3.07,5.44,14.7,10.49,2.24,23.28,1.18,2023-11-27
GNR,9.9009900990099,0.740740740740741,1.31578947368421,20.5338809034908,5.26,1.07707204689714,2023-11-27,Selenium,https://www.morningstar.com/etfs/arcx/GNR/portfolio,SPDR® S&P Global Natural Resources ETF,0.991465643137303,1.00483561392385,1.23661459248129,1.07537000384754,1.07707438109571,10.1,1.35,0.76,4.87,15.08,39.41,22.72,37.75,12.3,,51.08,7.97,0.0,1.33,0.0,34.16,0.0,0.0,5.46,0.0,0.0,2023-11-27
USAI,8.0450522928399,0.416666666666667,1.49253731343284,23.7529691211401,7.82,1.07539518601594,2023-11-27,Selenium,https://www.morningstar.com/etfs/arcx/USAI/portfolio,Pacer American Energy Independence ETF,0.416179058482857,-0.0594968455612807,1.55125103576581,1.40368499721238,2.06535768417994,12.43,2.4,0.67,4.21,7.22,9.14,30.1,6.86,-0.61,,0.0,0.0,0.0,0.0,0.0,97.51,0.0,0.0,0.0,0.0,2.49,2023-11-27
NGE,9.97008973080758,1.06382978723404,0.87719298245614,20.1207243460765,4.3,1.05487358079585,2023-11-27,Selenium,https://www.morningstar.com/etfs/arcx/NGE/portfolio,Global X MSCI Nigeria ETF,1.01288451344945,2.06593302034064,0.455850085071533,1.03323214267853,0.706468142439121,10.03,0.94,1.14,4.97,3.36,-9.94,26.8,65.78,8.27,,0.0,0.0,0.0,0.0,28.74,71.26,0.0,0.0,0.0,0.0,0.0,2023-11-27
NORW,10.4602510460251,0.719424460431655,0.952380952380952,20.1612903225806,6.41,1.04954860554016,2023-11-27,Selenium,https://www.morningstar.com/etfs/arcx/NORW/portfolio,Global X MSCI Norway ETF,1.16482022380773,0.934828134574367,0.589695429198919,1.0373694689667,1.52102977115308,9.56,1.39,1.05,4.96,11.68,56.79,-6.86,45.59,-6.18,,9.82,0.22,19.16,0.42,8.89,32.88,11.4,2.52,14.07,0.16,0.46,2023-11-27
VNQI,9.16590284142988,1.42857142857143,0.555555555555556,13.0208333333333,4.97,1.03699213974842,2023-11-27,Selenium,https://www.morningstar.com/etfs/xnas/VNQI/portfolio,Vanguard Global ex-US Real Est ETF,0.763610034813391,3.26382695650454,-0.116710553695619,0.309113847951586,0.965120413168197,10.91,0.7,1.8,7.68,5.58,-0.59,3.49,4.47,4.89,,0.0,0.23,0.0,99.42,0.0,0.0,0.32,0.01,0.01,0.0,0.0,2023-11-27
DFAX,9.69932104752667,0.806451612903226,1.38888888888889,19.0114068441065,4.37,1.03398507821517,2023-11-27,Selenium,https://www.morningstar.com/etfs/arcx/DFAX/portfolio,Dimensional World ex US Core Eq 2 ETF,0.928954119597779,1.22064496054756,1.36674201038291,0.920092786539749,0.73349151400783,10.31,1.24,0.72,5.26,10.41,5.63,8.79,6.31,5.94,,11.59,12.32,15.91,2.26,4.95,7.75,16.38,12.72,6.77,6.78,2.56,2023-11-27
WNRG,10.4058272632674,0.609756097560976,1.21951219512195,23.5294117647059,5.02,1.0306274701435,2023-11-27,Selenium,https://www.morningstar.com/etfs/xlon/WNRG/portfolio,SPDR® MSCI World Energy ETF,1.14795043862282,0.574652459567491,1.06522726158646,1.38088436950919,0.984422821431561,9.61,1.64,0.82,4.25,18.2,62.42,31.93,72.91,9.68,,0.0,0.0,0.0,0.0,0.0,100.0,0.0,0.0,0.0,0.0,0.0,2023-11-27
EIS,12.7226463104326,0.813008130081301,0.934579439252336,20.5761316872428,3.49,1.0279458579486,2023-11-27,Selenium,https://www.morningstar.com/etfs/arcx/EIS/portfolio,iShares MSCI Israel ETF,1.86609676468775,1.24217804391357,0.558006188844772,1.07967916372429,0.393769128572625,7.86,1.23,1.07,4.86,11.36,30.77,6.15,21.88,8.64,,2.89,4.0,25.19,9.15,3.67,2.23,6.37,34.37,1.81,7.9,2.42,2023-11-27
EZA,10.7181136120043,0.775193798449612,0.900900900900901,20.8333333333333,5.47,1.02496931550165,2023-11-27,Selenium,https://www.morningstar.com/etfs/arcx/EZA/portfolio,iShares MSCI South Africa ETF,1.24475009775029,1.1179872375236,0.498053571958547,1.105911174474,1.15814449580184,9.33,1.29,1.11,4.8,8.87,-0.07,8.74,7.05,8.04,,20.92,5.96,37.2,2.31,23.26,1.2,2.02,0.0,3.55,3.58,0.0,2023-11-27
HAP,9.63391136801541,0.671140939597315,1.26582278481013,20.3665987780041,5.1,0.98124309500783,2023-11-27,Selenium,https://www.morningstar.com/etfs/arcx/HAP/portfolio,VanEck Natural Resources ETF,0.90867902686338,0.776254146114964,1.14766673720676,1.05830889020111,1.01530667465294,10.38,1.49,0.79,4.91,14.44,36.78,21.75,32.4,9.63,,26.01,2.55,0.07,0.77,0.0,46.14,8.62,0.28,6.49,1.9,7.17,2023-11-27
COPX,8.77963125548727,0.91743119266055,1.63934426229508,14.0056022408964,3.51,0.970526613046924,2023-11-27,Selenium,https://www.morningstar.com/etfs/arcx/COPX/portfolio,Global X Copper Miners ETF,0.64387711020394,1.58512696798128,1.81258840942291,0.409550485748529,0.40149009187797,11.39,1.09,0.61,7.14,9.36,20.54,15.83,11.97,13.27,,95.27,0.0,0.0,0.0,0.0,0.0,4.73,0.0,0.0,0.0,0.0,2023-11-27
EWK,8.7260034904014,0.833333333333333,0.826446280991736,22.8310502283105,5.41,0.949267681469488,2023-11-27,Selenium,https://www.morningstar.com/etfs/arcx/EWK/portfolio,iShares MSCI Belgium ETF,0.627254067278504,1.30893060234817,0.365513695784454,1.30965843605051,1.1349816058858,11.46,1.2,1.21,4.38,7.15,12.83,6.88,1.34,6.78,,5.08,2.41,18.28,10.24,1.54,1.89,8.16,1.94,28.93,19.54,1.99,2023-11-27
SCJ,8.0,0.980392156862745,1.69491525423729,14.5772594752187,2.83,0.942492612632709,2023-11-27,Selenium,https://www.morningstar.com/etfs/arcx/SCJ/portfolio,iShares MSCI Japan Small-Cap ETF,0.402214161818456,1.79190499572798,1.91151272600497,0.467853840115915,0.13897733949622,12.5,1.02,0.59,6.86,10.6,7.6,5.08,-6.22,6.39,,9.66,17.79,8.06,8.54,2.61,0.66,24.49,10.55,8.51,7.02,2.12,2023-11-27
XME,8.71080139372822,0.840336134453782,1.42857142857143,23.3644859813084,2.21,0.931108981750345,2023-11-27,Selenium,https://www.morningstar.com/etfs/arcx/XME/portfolio,SPDR® S&P Metals and Mining ETF,0.622541860734932,1.33192938298531,1.43738260867237,1.36406357932861,-0.100372522969493,11.48,1.19,0.7,4.28,6.28,42.29,19.38,73.01,19.52,,73.94,0.0,0.0,0.0,0.0,13.27,12.79,0.0,0.0,0.0,0.0,2023-11-27
AFK,10.6951871657754,0.680272108843537,0.840336134453782,22.883295194508,4.62,0.915823323467382,2023-11-27,Selenium,https://www.morningstar.com/etfs/arcx/AFK/portfolio,VanEck Africa ETF,1.23764356815353,0.806242968422252,0.390239622263991,1.31498690317248,0.83000355532465,9.35,1.47,1.19,4.37,9.56,7.11,11.92,19.43,6.13,,31.05,4.29,35.57,0.32,19.41,5.25,0.54,0.0,2.16,1.29,0.13,2023-11-27
VLUE,10.6837606837607,0.757575757575758,1.26582278481013,17.4825174825175,3.42,0.914560214048713,2023-11-27,Selenium,https://www.morningstar.com/etfs/bats/VLUE/portfolio,iShares MSCI USA Value Factor ETF,1.23410169202438,1.06012561181918,1.14766673720676,0.764161272189328,0.366745757003915,9.36,1.32,0.79,5.72,8.71,14.02,7.72,-6.38,2.35,,2.29,10.05,11.59,2.59,7.99,4.65,8.94,31.05,5.35,13.09,2.4,2023-11-27
EWH,9.04159132007233,1.21951219512195,0.581395348837209,12.7877237851662,5.1,0.906447988707787,2023-11-27,Selenium,https://www.morningstar.com/etfs/arcx/EWH/portfolio,iShares MSCI Hong Kong ETF,0.725077089195691,2.57722921260572,-0.0707120245769051,0.285338991661488,1.01530667465294,11.06,0.82,1.72,7.82,5.59,-11.33,-0.76,-6.61,1.88,,0.79,5.78,44.16,20.99,1.38,0.0,14.23,0.0,2.9,0.0,9.78,2023-11-27
FXI,11.2612612612613,0.900900900900901,1.0,14.4927536231884,2.89,0.847957448424878,2023-11-27,Selenium,https://www.morningstar.com/etfs/arcx/FXI/portfolio,iShares China Large-Cap ETF,1.4131100261193,1.53083775606322,0.674464147146264,0.459235083383345,0.162140229412257,8.88,1.11,1.0,6.9,6.73,2.34,9.81,9.09,6.88,,1.39,33.61,27.48,2.47,20.75,4.52,1.32,3.38,2.13,2.94,0.0,2023-11-27
EWU,9.98003992015968,0.684931506849315,1.03092783505155,18.348623853211,4.45,0.83678105252961,2023-11-27,Selenium,https://www.morningstar.com/etfs/arcx/EWU/portfolio,iShares MSCI United Kingdom ETF,1.0159687819147,0.821545483914669,0.729520118596601,0.852495510992865,0.764375367229212,10.02,1.46,0.97,5.45,9.25,21.41,11.18,18.87,7.09,,10.8,5.44,18.25,0.75,3.02,14.38,11.15,0.88,17.47,13.48,4.38,2023-11-27
VBR,9.68054211035818,0.72992700729927,1.35135135135135,17.825311942959,2.96,0.836132078079376,2023-11-27,Selenium,https://www.morningstar.com/etfs/arcx/VBR/portfolio,Vanguard Small-Cap Value ETF,0.923133196832379,0.969320870750207,1.29991982281181,0.79912289902152,0.189163600980967,10.33,1.37,0.74,5.61,9.7,12.71,10.8,1.67,0.53,,5.71,13.32,19.79,9.77,2.2,5.95,21.18,7.22,4.64,5.86,4.34,2023-11-27
EPHE,11.3122171945701,0.862068965517241,0.813008130081301,16.750418760469,3.05,0.817440813954858,2023-11-27,Selenium,https://www.morningstar.com/etfs/arcx/EPHE/portfolio,iShares MSCI Philippines ETF,1.42890487912768,1.40330490910055,0.341591864474984,0.689494481216055,0.223907935855022,8.84,1.16,1.23,5.97,10.56,18.81,8.68,1.95,7.29,,0.88,19.2,22.49,20.2,5.14,1.41,17.48,0.0,4.17,0.0,9.02,2023-11-27
EIDO,8.9126559714795,0.581395348837209,0.62111801242236,20.2839756592292,6.98,0.791515925135701,2023-11-27,Selenium,https://www.morningstar.com/etfs/arcx/EIDO/portfolio,iShares MSCI Indonesia ETF,0.685110892005995,0.481509354775015,0.0,1.04988215354207,1.74107722535543,11.22,1.72,1.61,4.93,10.42,31.41,13.28,28.45,8.0,,8.73,6.33,52.9,2.46,6.69,5.51,1.66,3.2,9.27,2.48,0.78,2023-11-27
XLE,9.42507068803016,0.497512437810945,1.0,21.3219616204691,5.11,0.779868228151985,2023-11-27,Selenium,https://www.morningstar.com/etfs/arcx/XLE/portfolio,Energy Select Sector SPDR® ETF,0.843944507675174,0.206018927913688,0.674464147146264,1.15574640171918,1.01916715630562,10.61,2.01,1.0,4.69,22.29,107.8,31.91,79.49,7.4,,0.0,0.0,0.0,0.0,0.0,100.0,0.0,0.0,0.0,0.0,0.0,2023-11-27
XHS,7.11237553342816,0.584795321637427,2.4390243902439,16.8634064080944,0.75,0.778580161604938,2023-11-27,Selenium,https://www.morningstar.com/etfs/arcx/XHS/portfolio,SPDR® S&P Health Care Services ETF,0.127076468016305,0.492675633419727,3.2361334529209,0.701018097927479,-0.66400284425972,14.06,1.71,0.41,5.93,10.19,-7.52,7.19,-5.2,9.94,,0.0,0.0,1.55,0.0,0.0,0.0,0.0,0.0,2.42,96.03,0.0,2023-11-27
EPU,11.0741971207087,0.588235294117647,0.854700854700855,18.7265917602996,4.32,0.776028668800011,2023-11-27,Selenium,https://www.morningstar.com/etfs/arcx/EPU/portfolio,iShares MSCI Peru ETF,1.35512559896231,0.503973280048495,0.415810879563341,0.891044479681439,0.714189105744466,9.03,1.7,1.17,5.34,15.88,22.23,8.17,-2.26,3.67,,49.53,5.3,24.54,2.52,0.0,3.52,3.82,0.0,8.28,0.0,2.49,2023-11-27
EWW,9.87166831194472,0.662251655629139,0.892857142857143,13.0890052356021,5.83,0.765271909077665,2023-11-27,Selenium,https://www.morningstar.com/etfs/arcx/EWW/portfolio,iShares MSCI Mexico ETF,0.982376744424956,0.74705972969661,0.483734531764738,0.316066704203963,1.29712183529806,10.13,1.51,1.12,7.64,9.33,21.16,6.06,-0.71,11.87,,12.63,2.15,19.93,7.94,9.95,0.0,12.36,0.0,34.57,0.48,0.0,2023-11-27
2828,9.78473581213307,0.840336134453782,0.925925925925926,14.2857142857143,3.82,0.757849087536071,2023-11-27,Selenium,https://www.morningstar.com/etfs/xhkg/2828/portfolio,Hang Seng China Enterprises ETF,0.955430205189722,1.33192938298531,0.54260169700595,0.438119129388548,0.521165023110827,10.22,1.19,1.08,7.0,7.34,4.25,10.34,6.63,7.0,,0.0,34.63,22.35,3.07,19.14,7.21,1.17,6.48,3.43,1.85,0.68,2023-11-27
VPL,7.89265982636148,0.88495575221239,1.16279069767442,15.1745068285281,3.59,0.754561616602616,2023-11-27,Selenium,https://www.morningstar.com/etfs/arcx/VPL/portfolio,Vanguard FTSE Pacific ETF,0.368941838961824,1.47847028615997,0.964254880594163,0.528767132197775,0.432373945099352,12.67,1.13,0.86,6.59,9.92,9.6,8.41,0.5,7.88,,8.98,13.1,17.84,5.59,5.14,1.92,18.11,14.89,5.33,7.4,1.7,2023-11-27
EZU,9.19117647058823,0.684931506849315,1.08695652173913,16.2337662337662,3.84,0.717587170090729,2023-11-27,Selenium,https://www.morningstar.com/etfs/bats/EZU/portfolio,iShares MSCI Eurozone ETF,0.771444122654047,0.821545483914669,0.82925919731098,0.636801060157773,0.528885986416172,10.88,1.46,0.92,6.16,11.53,15.57,10.57,7.29,7.85,,5.41,14.93,16.93,1.43,4.81,4.88,16.95,13.17,8.36,7.39,5.74,2023-11-27
EWS,9.84251968503937,0.854700854700855,0.571428571428571,11.0253583241455,5.43,0.70245827609331,2023-11-27,Selenium,https://www.morningstar.com/etfs/arcx/EWS/portfolio,iShares MSCI Singapore ETF,0.973341520311305,1.37910636890763,-0.0884543143798379,0.105595236436305,1.14270256919115,10.16,1.17,1.75,9.07,3.18,13.1,1.02,-1.53,1.99,,0.0,6.87,49.43,16.67,4.44,0.0,16.02,3.39,3.18,0.0,0.0,2023-11-27
EWM,7.45712155108128,0.847457627118644,0.552486187845304,20.2020202020202,4.64,0.669265842829014,2023-11-27,Selenium,https://www.morningstar.com/etfs/arcx/EWM/portfolio,iShares MSCI Malaysia ETF,0.233937677702077,1.35531797346375,-0.122174467375467,1.04152351172471,0.837724518629995,13.41,1.18,1.81,4.95,3.5,8.19,12.27,-1.39,2.91,,8.89,6.58,41.3,0.0,8.45,3.18,5.62,1.74,12.22,2.94,9.07,2023-11-27
IEMG,9.02527075812274,0.72463768115942,0.961538461538462,15.6739811912226,3.67,0.664186235077022,2023-11-27,Selenium,https://www.morningstar.com/etfs/arcx/IEMG/portfolio,iShares Core MSCI Emerging Markets ETF,0.720018191040587,0.951949528980491,0.605997105727255,0.579708551316042,0.463257798320735,11.08,1.38,1.04,6.38,10.47,12.3,11.67,7.83,5.93,,8.41,12.4,20.37,2.27,9.21,4.69,8.13,21.12,5.92,4.9,2.58,2023-11-27
VEA,8.5397096498719,0.72463768115942,1.04166666666667,15.1745068285281,3.79,0.661689085068255,2023-11-27,Selenium,https://www.morningstar.com/etfs/arcx/VEA/portfolio,Vanguard FTSE Developed Markets ETF,0.569508410660012,0.951949528980491,0.748636775350191,0.528767132197775,0.509583578152808,11.71,1.38,0.96,6.59,10.01,13.36,9.1,6.75,7.07,,7.74,10.75,19.1,3.28,4.02,6.05,16.67,10.2,8.22,10.95,3.01,2023-11-27
THD,6.91085003455425,0.694444444444444,1.35135135135135,14.3472022955524,4.03,0.652788563400901,2023-11-27,Selenium,https://www.morningstar.com/etfs/arcx/THD/portfolio,iShares MSCI Thailand ETF,0.0646094415984286,0.852788119711689,1.29991982281181,0.444390295065625,0.602235137816955,14.47,1.44,0.74,6.97,10.34,55.69,21.32,5.98,8.86,,3.65,7.13,9.47,7.39,7.97,15.5,18.83,1.67,11.62,9.51,7.25,2023-11-27
VGK,8.96057347670251,0.628930817610063,1.02040816326531,15.3846153846154,3.93,0.632442105438923,2023-11-27,Selenium,https://www.morningstar.com/etfs/arcx/VGK/portfolio,Vanguard FTSE Europe ETF,0.699963920934692,0.637626571298253,0.710793597695126,0.550196115976316,0.563630321290227,11.16,1.59,0.98,6.5,10.85,15.88,9.62,9.32,5.88,,6.26,10.19,17.65,1.84,3.77,6.49,16.13,7.34,11.12,15.36,3.85,2023-11-27
IWM,8.61326442721792,0.699300699300699,1.11111111111111,19.1204588910134,2.2,0.632057046509708,2023-11-27,Selenium,https://www.morningstar.com/etfs/arcx/IWM/portfolio,iShares Russell 2000 ETF,0.592308246141422,0.868737157566112,0.872257822356735,0.931215011106435,-0.104233004622165,11.61,1.43,0.9,5.23,13.05,15.84,10.19,2.64,1.74,,4.79,10.4,14.51,7.36,2.16,7.44,15.79,16.08,4.2,14.36,2.91,2023-11-27
EEM,9.07441016333938,0.714285714285714,0.900900900900901,15.1975683890578,3.65,0.627582178781195,2023-11-27,Selenium,https://www.morningstar.com/etfs/arcx/EEM/portfolio,iShares MSCI Emerging Markets ETF,0.735249973326098,0.917951331516901,0.498053571958547,0.531119182089037,0.455536835015389,11.02,1.4,1.11,6.58,10.23,13.25,11.93,8.08,5.84,,7.8,12.58,22.05,1.62,10.1,5.19,6.52,21.49,5.94,4.17,2.54,2023-11-27
XES,8.63557858376511,0.549450549450549,1.0989010989011,26.5957446808511,1.28,0.612113035936823,2023-11-27,Selenium,https://www.morningstar.com/etfs/arcx/XES/portfolio,SPDR® S&P Oil & Gas Equipment&Svcs ETF,0.599224983796533,0.376595418058216,0.850522253652287,1.69361984084514,-0.459397316668062,11.58,1.82,0.91,3.76,19.87,36.29,-0.9,-15.21,-11.68,,1.67,0.0,0.0,0.0,0.0,98.33,0.0,0.0,0.0,0.0,0.0,2023-11-27
IDEV,8.36120401337793,0.689655172413793,0.980392156862745,14.6627565982405,3.81,0.596934711546438,2023-11-27,Selenium,https://www.morningstar.com/etfs/arcx/IDEV/portfolio,iShares Core MSCI Intl Dev Mkts ETF,0.514176870120887,0.837059068586293,0.639559380932651,0.476573696634205,0.517304541458154,11.96,1.45,1.02,6.82,9.77,13.22,9.13,7.83,7.4,,7.95,10.81,19.23,3.33,3.98,6.1,16.71,9.18,8.48,11.1,3.13,2023-11-27
IEUR,8.8261253309797,0.62111801242236,0.99009900990099,15.0375939849624,3.84,0.594156961946653,2023-11-27,Selenium,https://www.morningstar.com/etfs/arcx/IEUR/portfolio,iShares Core MSCI Europe ETF,0.658288917435726,0.611967554344601,0.656838968167113,0.514803383369653,0.528885986416172,11.33,1.61,1.01,6.65,10.96,15.38,7.36,9.57,6.48,,6.78,10.41,17.19,1.85,3.68,5.91,16.47,7.63,11.26,14.92,3.91,2023-11-27
EIRL,8.88888888888889,0.671140939597315,1.16279069767442,16.750418760469,2.09,0.592209798956195,2023-11-27,Selenium,https://www.morningstar.com/etfs/arcx/EIRL/portfolio,iShares MSCI Ireland ETF,0.677743789657361,0.776254146114964,0.964254880594163,0.689494481216055,-0.146698302801566,11.25,1.49,0.86,5.97,12.37,22.4,14.31,-13.13,6.63,,24.65,31.33,9.5,1.12,0.0,0.0,14.27,0.0,12.77,6.35,0.0,2023-11-27
FEZ,9.11577028258888,0.609756097560976,0.943396226415094,14.6627565982405,3.97,0.590414027889785,2023-11-27,Selenium,https://www.morningstar.com/etfs/arcx/FEZ/portfolio,SPDR® EURO STOXX 50 ETF,0.748070403873308,0.574652459567491,0.573701331473005,0.476573696634205,0.579072247900919,10.97,1.64,1.06,6.82,11.76,20.46,10.3,13.37,7.29,,4.39,17.4,16.22,0.0,4.13,6.45,16.3,16.5,8.51,6.24,3.85,2023-11-27
VWO,8.84173297966401,0.671140939597315,0.854700854700855,15.1515151515152,3.84,0.582100011019647,2023-11-27,Selenium,https://www.morningstar.com/etfs/arcx/VWO/portfolio,Vanguard FTSE Emerging Markets ETF,0.663126833273334,0.776254146114964,0.415810879563341,0.526422209730426,0.528885986416172,11.31,1.49,1.17,6.6,9.58,10.53,11.18,7.8,4.97,,8.62,13.31,21.21,2.74,8.88,5.71,8.02,16.92,6.44,4.8,3.34,2023-11-27
ARGT,7.75795190069822,0.714285714285714,0.952380952380952,20.9643605870021,2.33,0.580012196097107,2023-11-27,Selenium,https://www.morningstar.com/etfs/arcx/ARGT/portfolio,Global X MSCI Argentina ETF,0.327186311258754,0.917951331516901,0.589695429198919,1.11927465164838,-0.0540467431374191,12.89,1.4,1.05,4.77,24.96,22.63,5.76,-7.8,7.36,,9.02,37.64,11.93,1.16,3.4,11.5,3.69,0.0,10.86,0.0,10.79,2023-11-27
EWJ,7.03729767769177,0.833333333333333,1.13636363636364,13.3689839572193,2.87,0.565797414335459,2023-11-27,Selenium,https://www.morningstar.com/etfs/arcx/EWJ/portfolio,iShares MSCI Japan ETF,0.103804522660063,1.30893060234817,0.917210930359115,0.34462175020303,0.154419266106912,14.21,1.2,0.88,7.48,9.96,12.53,9.78,-0.46,10.59,,4.83,16.06,12.5,3.25,6.89,0.86,23.49,16.9,5.54,8.54,1.13,2023-11-27
AAXJ,8.51788756388416,0.735294117647059,0.87719298245614,13.9275766016713,3.3,0.545510916498288,2023-11-27,Selenium,https://www.morningstar.com/etfs/xnas/AAXJ/portfolio,iShares MSCI All Country Asia ex Jpn ETF,0.56274420052528,0.986947673428302,0.455850085071533,0.401592646294485,0.320419977171841,11.74,1.36,1.14,7.18,9.89,8.43,10.4,6.63,6.77,,5.03,14.32,20.84,3.04,9.63,3.77,7.16,24.57,5.1,4.2,2.34,2023-11-27
EFA,8.24402308326463,0.662251655629139,0.925925925925926,14.3266475644699,3.79,0.54387862430178,2023-11-27,Selenium,https://www.morningstar.com/etfs/arcx/EFA/portfolio,iShares MSCI EAFE ETF,0.477854199798963,0.74705972969661,0.54260169700595,0.442293916854568,0.509583578152808,12.13,1.51,1.08,6.98,10.14,14.05,9.73,8.14,7.47,,7.55,11.02,18.58,2.51,4.16,4.62,16.41,9.24,9.62,13.09,3.22,2023-11-27
IEV,8.78734622144112,0.598802395209581,0.925925925925926,14.367816091954,3.82,0.539041193792242,2023-11-27,Selenium,https://www.morningstar.com/etfs/arcx/IEV/portfolio,iShares Europe ETF,0.646268524614252,0.538678026878182,0.54260169700595,0.446492697352002,0.521165023110827,11.38,1.67,1.08,6.96,10.82,16.33,10.49,11.3,6.79,,6.84,10.21,17.62,0.86,3.6,6.37,15.26,7.59,11.99,15.66,4.01,2023-11-27
KIE,10.5374077976818,0.578034682080925,0.943396226415094,16.0513643659711,1.97,0.531616772855251,2023-11-27,Selenium,https://www.morningstar.com/etfs/arcx/KIE/portfolio,SPDR® S&P Insurance ETF,1.1887365662606,0.470472166056832,0.573701331473005,0.618197883119457,-0.19302408263364,9.49,1.73,1.06,6.23,11.68,17.19,7.83,,-19.16,,0.0,0.0,100.0,0.0,0.0,0.0,0.0,0.0,0.0,0.0,0.0,2023-11-27
DFLV,9.21658986175115,0.628930817610063,0.943396226415094,15.0375939849624,2.84,0.52965812798585,2023-11-27,Selenium,https://www.morningstar.com/etfs/arcx/DFLV/portfolio,Dimensional US Large Cap Value ETF,0.779321532639447,0.637626571298253,0.573701331473005,0.514803383369653,0.142837821148893,10.85,1.59,1.06,6.65,9.72,16.76,13.0,13.82,4.18,,8.13,5.28,21.49,0.61,8.11,13.16,14.24,11.42,4.12,13.29,0.17,2023-11-27
EWT,7.2463768115942,0.578034682080925,0.87719298245614,11.4678899082569,6.07,0.527087531994731,2023-11-27,Selenium,https://www.morningstar.com/etfs/arcx/EWT/portfolio,iShares MSCI Taiwan ETF,0.16861295560721,0.470472166056832,0.455850085071533,0.150729058275877,1.3897733949622,13.8,1.73,1.14,8.72,10.29,26.52,7.6,29.38,3.82,,5.77,4.52,18.52,0.0,3.04,0.52,4.3,61.04,2.03,0.26,0.0,2023-11-27
VNM,9.03342366757001,0.793650793650794,0.625,14.2857142857143,3.15,0.521738381795719,2023-11-27,Selenium,https://www.morningstar.com/etfs/bats/VNM/portfolio,VanEck Vietnam ETF,0.722545355159622,1.17860417873775,0.00691049331092492,0.438119129388548,0.26251275238175,11.07,1.26,1.6,7.0,12.17,0.62,9.76,16.33,17.56,,14.05,0.0,30.95,24.81,0.0,2.5,12.02,0.0,14.26,0.0,1.41,2023-11-27
EPP,7.58725341426404,0.689655172413793,0.5,14.367816091954,5.74,0.520919326915068,2023-11-27,Selenium,https://www.morningstar.com/etfs/arcx/EPP/portfolio,iShares MSCI Pacific ex Japan ETF,0.274274759513896,0.837059068586293,-0.215607391300855,0.446492697352002,1.262377500424,13.18,1.45,2.0,6.96,5.43,4.31,4.1,6.68,3.47,,16.52,5.76,38.72,9.57,2.64,4.16,7.52,1.32,4.09,7.04,2.64,2023-11-27
EEMV,7.54716981132076,0.671140939597315,0.8,12.4223602484472,4.16,0.451407326481355,2023-11-27,Selenium,https://www.morningstar.com/etfs/bats/EEMV/portfolio,iShares MSCI Emerg Mkts Min Vol Fctr ETF,0.261850011787315,0.776254146114964,0.318435531767417,0.248075543435376,0.652421399301702,13.25,1.49,1.25,8.05,8.06,8.91,7.81,4.45,6.0,,4.18,7.63,23.23,1.42,14.92,2.82,5.35,16.18,11.01,9.7,3.55,2023-11-27
EWQ,8.19672131147541,0.602409638554217,0.925925925925926,12.7064803049555,3.55,0.450060747799311,2023-11-27,Selenium,https://www.morningstar.com/etfs/arcx/EWQ/portfolio,iShares MSCI France ETF,0.463192030274607,0.550525028807995,0.54260169700595,0.277052964419341,0.416932018488661,12.2,1.66,1.08,7.87,10.39,13.57,10.06,16.7,9.68,,6.32,19.24,9.94,0.68,2.8,8.3,24.69,5.29,11.04,10.03,1.68,2023-11-27
EWD,9.57854406130268,0.595238095238095,0.78740157480315,10.5820105820106,3.43,0.429096356616436,2023-11-27,Selenium,https://www.morningstar.com/etfs/arcx/EWD/portfolio,iShares MSCI Sweden ETF,0.891516776773754,0.526972060685628,0.296008532373473,0.060378174592737,0.370606238656588,10.44,1.68,1.27,9.45,9.75,48.56,8.51,-4.14,11.21,,4.12,6.43,29.07,1.66,1.94,0.0,44.76,7.08,3.03,1.92,0.0,2023-11-27
EWA,6.86813186813187,0.523560209424084,0.476190476190476,15.220700152207,6.23,0.413992298510247,2023-11-27,Selenium,https://www.morningstar.com/etfs/arcx/EWA/portfolio,iShares MSCI Australia ETF,0.0513680560400692,0.291565693431197,-0.257991750274527,0.533478391949526,1.45154110140497,14.56,1.91,2.1,6.57,6.11,10.53,7.85,13.67,5.61,,25.14,5.56,33.97,5.78,1.9,6.37,4.37,1.49,5.01,9.78,0.63,2023-11-27
EWC,8.31255195344971,0.617283950617284,0.694444444444444,12.7877237851662,3.77,0.403240985368815,2023-11-27,Selenium,https://www.morningstar.com/etfs/arcx/EWC/portfolio,iShares MSCI Canada ETF,0.499096150659567,0.599375629358086,0.130531540317469,0.285338991661488,0.501862614847463,12.03,1.62,1.44,7.82,5.88,14.1,9.79,18.49,9.71,,9.64,5.67,34.5,0.61,1.67,19.12,12.71,9.59,3.52,0.0,2.97,2023-11-27
XPH,11.6686114352392,0.552486187845304,0.555555555555556,14.0845070422535,1.82,0.395179593657268,2023-11-27,Selenium,https://www.morningstar.com/etfs/arcx/XPH/portfolio,SPDR® S&P Pharmaceuticals ETF,1.53937669818509,0.386565140221359,-0.116710553695619,0.417597990999239,-0.250931307423731,8.57,1.81,1.8,7.1,6.17,11.67,1.02,-9.99,-0.14,,0.0,0.0,0.0,0.0,0.0,0.0,0.0,0.0,0.0,100.0,0.0,2023-11-27
OIH,8.08407437348424,0.490196078431373,0.869565217391305,20.9643605870021,1.72,0.376455043197141,2023-11-27,Selenium,https://www.morningstar.com/etfs/arcx/OIH/portfolio,VanEck Oil Services ETF,0.428274765259969,0.181990351128623,0.44227157189919,1.11927465164838,-0.289536123950459,12.37,2.04,1.15,4.77,26.95,37.36,-2.65,-10.48,-7.89,,0.79,0.0,0.0,0.0,0.0,99.21,0.0,0.0,0.0,0.0,0.0,2023-11-27
IWS,7.77604976671851,0.574712643678161,0.88495575221239,13.6798905608755,2.57,0.335392567705412,2023-11-27,Selenium,https://www.morningstar.com/etfs/arcx/IWS/portfolio,iShares Russell Mid-Cap Value ETF,0.332796121834159,0.459561841576788,0.469668925910644,0.376331132678739,0.0386048165267278,12.86,1.74,1.13,7.31,10.96,12.57,10.38,4.02,2.43,,6.12,10.09,15.47,10.51,3.66,5.73,18.47,11.86,3.57,6.92,7.6,2023-11-27
GDXJ,7.42390497401633,0.892857142857143,0.515463917525773,14.6412884333821,1.48,0.326435762705752,2023-11-27,Selenium,https://www.morningstar.com/etfs/arcx/GDXJ/portfolio,VanEck Junior Gold Miners ETF,0.223641507695691,1.50442023776381,-0.188079405575686,0.474384157259554,-0.382187683614606,13.47,1.12,1.94,6.83,23.64,10.9,3.8,-14.72,5.2,,100.0,0.0,0.0,0.0,0.0,0.0,0.0,0.0,0.0,0.0,0.0,2023-11-27
URA,7.31528895391368,0.571428571428571,1.26582278481013,13.0039011703511,1.24,0.32379286915355,2023-11-27,Selenium,https://www.morningstar.com/etfs/arcx/URA/portfolio,Global X Uranium ETF,0.189973709649935,0.448776206519374,1.14766673720676,0.307386935670436,-0.474839243278753,13.67,1.75,0.79,7.69,9.37,153.72,3.94,-19.45,14.73,,6.76,0.0,0.0,0.0,0.0,78.85,13.5,0.88,0.0,0.0,0.0,2023-11-27
PRF,7.86782061369001,0.520833333333333,0.952380952380952,12.531328320802,2.65,0.312445145271298,2023-11-27,Selenium,https://www.morningstar.com/etfs/arcx/PRF/portfolio,Invesco FTSE RAFI US 1000 ETF,0.361242407560743,0.282610016416083,0.589695429198919,0.259189203432638,0.0694886697481101,12.71,1.92,1.05,7.98,10.3,14.07,9.87,2.07,1.29,,2.86,9.6,19.0,3.26,9.55,6.88,9.32,15.62,7.67,12.23,4.0,2023-11-27
XHB,9.24214417744917,0.483091787439614,0.88495575221239,13.6986301369863,1.45,0.280008612083515,2023-11-27,Selenium,https://www.morningstar.com/etfs/arcx/XHB/portfolio,SPDR® S&P Homebuilders ETF,0.787242625120142,0.158658254830082,0.469668925910644,0.37824238312933,-0.393769128572625,10.82,2.07,1.13,7.3,8.15,35.68,19.08,-0.49,17.86,,0.0,50.57,0.0,0.0,0.0,0.0,49.43,0.0,0.0,0.0,0.0,2023-11-27
FVAL,7.89265982636148,0.45662100456621,0.869565217391305,13.1233595800525,2.3,0.227375590666348,2023-11-27,Selenium,https://www.morningstar.com/etfs/arcx/FVAL/portfolio,Fidelity® Value Factor ETF,0.368941838961824,0.0717222247862013,0.44227157189919,0.319570505779964,-0.0656281880954376,12.67,2.19,1.15,7.62,10.44,20.62,11.99,20.47,3.77,,3.64,11.04,12.82,2.46,8.66,4.35,7.84,28.52,6.12,12.39,2.16,2023-11-27
EWN,7.4794315632012,0.452488687782805,0.87719298245614,12.453300124533,2.73,0.221291521002939,2023-11-27,Selenium,https://www.morningstar.com/etfs/arcx/EWN/portfolio,iShares MSCI Netherlands ETF,0.240853130705619,0.0581507630825185,0.455850085071533,0.251231103185533,0.100372522969492,13.37,2.21,1.14,8.03,17.15,3.95,7.33,0.6,-0.06,,4.6,1.26,13.8,0.98,12.58,1.69,14.53,32.78,14.41,3.36,0.0,2023-11-27
VONV,7.6103500761035,0.531914893617021,0.72463768115942,11.7096018735363,2.81,0.218271177563978,2023-11-27,Selenium,https://www.morningstar.com/etfs/xnas/VONV/portfolio,Vanguard Russell 1000 Value ETF,0.281434050984963,0.319004363434951,0.184279821624663,0.175381275584436,0.131256376190875,13.14,1.88,1.38,8.54,9.5,15.14,9.98,7.09,3.41,,4.33,5.17,19.9,4.72,4.91,9.03,13.0,10.17,8.47,15.2,5.1,2023-11-27
IWD,7.58725341426404,0.53475935828877,0.719424460431655,11.6550116550117,2.78,0.213421815507403,2023-11-27,Selenium,https://www.morningstar.com/etfs/arcx/IWD/portfolio,iShares Russell 1000 Value ETF,0.274274759513896,0.328346227910383,0.174999542837809,0.169813616042073,0.119674931232856,13.18,1.87,1.39,8.58,9.48,15.15,9.98,7.11,3.41,,4.31,5.28,20.39,4.84,5.01,8.4,13.34,10.49,8.13,14.82,4.99,2023-11-27
XLU,6.71140939597315,0.571428571428571,0.543478260869565,12.0627261761158,3.85,0.211499582608343,2023-11-27,Selenium,https://www.morningstar.com/etfs/arcx/XLU/portfolio,Utilities Select Sector SPDR® ETF,0.00278866105870028,0.448776206519374,-0.138209866218497,0.211396443613292,0.532746468068845,14.9,1.75,1.84,8.29,6.39,1.91,5.27,-6.24,1.57,,0.0,0.0,0.0,0.0,0.0,0.0,0.0,0.0,0.0,0.0,100.0,2023-11-27
VTV,7.69230769230769,0.45662100456621,0.735294117647059,11.2866817155756,2.97,0.181416451265286,2023-11-27,Selenium,https://www.morningstar.com/etfs/arcx/VTV/portfolio,Vanguard Value ETF,0.306838521412681,0.0717222247862013,0.203249803262495,0.132247624231411,0.19302408263364,13.0,2.19,1.36,8.86,9.3,15.88,9.9,7.45,2.41,,2.67,2.98,20.04,3.01,3.11,8.1,13.63,10.58,11.49,19.13,5.28,2023-11-27
GDX,6.52315720808871,0.72463768115942,0.386100386100386,11.8764845605701,2.87,0.164968283800956,2023-11-27,Selenium,https://www.morningstar.com/etfs/arcx/GDX/portfolio,VanEck Gold Miners ETF,-0.0555640261174166,0.951949528980491,-0.418365000445179,0.192401650479973,0.154419266106912,15.33,1.38,2.59,8.42,12.8,-7.82,5.94,-6.0,8.97,,99.99,0.0,0.0,0.0,0.0,0.0,0.0,0.0,0.0,0.0,0.0,2023-11-27
XLF,8.00640512409928,0.641025641025641,0.462962962962963,10.6837606837607,2.23,0.155622752817791,2023-11-27,Selenium,https://www.morningstar.com/etfs/arcx/XLF/portfolio,Financial Select Sector SPDR® ETF,0.404199563460209,0.677348703313041,-0.281538616371012,0.0707556733508638,-0.0926515596641471,12.49,1.56,2.16,9.36,9.25,21.73,6.02,0.28,0.37,,0.0,0.0,96.58,0.0,0.0,0.0,0.6,2.82,0.0,0.0,0.0,2023-11-27
IWR,6.95410292072323,0.45662100456621,0.78125,12.0336943441637,2.09,0.0993067662272098,2023-11-27,Selenium,https://www.morningstar.com/etfs/arcx/IWR/portfolio,iShares Russell Mid-Cap ETF,0.0780165746811622,0.0717222247862013,0.285057849075649,0.208435485394602,-0.146698302801566,14.38,2.19,1.28,8.31,11.21,13.74,11.29,4.96,2.52,,4.56,10.89,13.56,7.92,3.71,5.28,18.44,16.28,3.39,10.48,5.49,2023-11-27
KCE,7.75193798449612,0.505050505050505,0.746268656716418,4.28082191780822,3.06,0.0848743730228597,2023-11-27,Selenium,https://www.morningstar.com/etfs/arcx/KCE/portfolio,SPDR® S&P Capital Markets ETF,0.32532217265411,0.23077564338921,0.22278605300892,-0.582280421445636,0.227768417507695,12.9,1.98,1.34,23.36,9.26,21.82,12.99,,6.31,,0.0,0.0,98.68,0.0,0.0,0.0,0.0,1.32,0.0,0.0,0.0,2023-11-27
SIL,5.95947556615018,0.826446280991736,0.465116279069768,4.92610837438424,1.87,0.00604423007212358,2023-11-27,Selenium,https://www.morningstar.com/etfs/arcx/SIL/portfolio,Global X Silver Miners ETF,-0.230288893268233,1.28631196684554,-0.277705405611119,-0.516467618445201,-0.231628899160367,16.78,1.21,2.15,20.3,16.36,-0.61,6.97,-10.5,5.26,,100.0,0.0,0.0,0.0,0.0,0.0,0.0,0.0,0.0,0.0,0.0,2023-11-27
IUSV,6.64010624169987,0.460829493087558,0.671140939597315,9.67117988394584,2.19,0.0029335190025907,2023-11-27,Selenium,https://www.morningstar.com/etfs/xnas/IUSV/portfolio,iShares Core S&P US Value ETF,-0.0193132369470412,0.0855438516825785,0.0890479674964812,-0.0325175009442268,-0.108093486274838,15.06,2.17,1.49,10.34,10.24,10.26,8.2,-4.05,3.06,,2.68,11.85,18.71,4.63,9.84,1.58,12.36,19.27,6.37,8.08,4.62,2023-11-27
ACWI,6.70241286863271,0.434782608695652,0.62111801242236,9.99000999000999,2.47,0.0,2023-11-27,Selenium,https://www.morningstar.com/etfs/xnas/ACWI/portfolio,iShares MSCI ACWI ETF,0.0,0.0,0.0,0.0,0.0,14.92,2.3,1.61,10.01,10.41,14.44,11.08,8.53,6.63,,4.3,10.9,15.26,2.31,7.64,4.81,10.18,23.76,6.83,11.45,2.57,2023-11-27
KWEB,7.46268656716418,0.568181818181818,0.625,10.6951871657754,0.33,-0.0147071427177635,2023-11-27,Selenium,https://www.morningstar.com/etfs/arcx/KWEB/portfolio,KraneShares CSI China Internet ETF,0.235662670363595,0.438113135496703,0.00691049331092492,0.0719210609119367,-0.826143073671977,13.4,1.76,1.6,9.35,13.04,-6.31,12.17,-9.5,8.55,,0.0,37.66,2.9,3.83,35.91,0.0,4.27,5.49,4.37,5.57,0.0,2023-11-27
IWO,6.48088139987038,0.380228136882129,0.78740157480315,13.8312586445367,0.95,-0.0293706016029331,2023-11-27,Selenium,https://www.morningstar.com/etfs/arcx/IWO/portfolio,iShares Russell 2000 Growth ETF,-0.0686682935355259,-0.179169207925986,0.296008532373473,0.391769172279637,-0.586793211206264,15.43,2.63,1.27,7.23,13.2,20.09,11.48,-2.1,2.73,,4.5,10.1,5.45,1.66,1.93,4.87,18.78,25.4,4.97,20.69,1.65,2023-11-27
VOX,7.00280112044818,0.440528634361233,0.543478260869565,14.1242937853107,0.97,-0.0367286857186904,2023-11-27,Selenium,https://www.morningstar.com/etfs/arcx/VOX/portfolio,Vanguard Communication Services ETF,0.0931115961336333,0.0188712461692166,-0.138209866218497,0.421655843223113,-0.579072247900919,14.28,2.27,1.84,7.08,15.63,-3.68,4.36,-3.27,3.06,,0.0,0.63,0.0,0.0,97.12,0.0,0.1,2.15,0.0,0.0,0.0,2023-11-27
XLB,6.04229607250755,0.436681222707424,0.591715976331361,10.8108108108108,2.42,-0.0372620381808263,2023-11-27,Selenium,https://www.morningstar.com/etfs/arcx/XLB/portfolio,Materials Select Sector SPDR® ETF,-0.204616952062397,0.00623547726406427,-0.0523398309939868,0.0837135231515515,-0.0193024082633641,16.55,2.29,1.69,9.25,12.52,26.69,14.0,11.28,5.36,,90.7,9.3,0.0,0.0,0.0,0.0,0.0,0.0,0.0,0.0,0.0,2023-11-27
IVE,6.50618087182824,0.444444444444444,0.628930817610063,9.38086303939962,2.17,-0.0386256030854597,2023-11-27,Selenium,https://www.morningstar.com/etfs/arcx/IVE/portfolio,iShares S&P 500 Value ETF,-0.0608261951808236,0.0317316509660161,0.0139079110660123,-0.0621269326983195,-0.115814449580184,15.37,2.25,1.59,10.66,10.25,10.6,7.99,-3.91,2.91,,2.62,11.5,18.75,4.23,10.35,1.53,11.9,19.74,6.45,8.2,4.72,2023-11-27
EWL,6.53167864141084,0.298507462686567,0.558659217877095,8.424599831508,3.38,-0.0840038047665186,2023-11-27,Selenium,https://www.morningstar.com/etfs/arcx/EWL/portfolio,iShares MSCI Switzerland ETF,-0.052922630346529,-0.447558360640082,-0.111185590700914,-0.159656272538293,0.351303830393224,15.31,3.35,1.79,11.87,10.07,-1.88,2.7,-1.06,-1.98,,8.81,5.76,18.15,0.64,1.13,0.0,10.4,1.57,21.57,31.58,0.39,2023-11-27
ENZL,4.46827524575514,0.934579439252336,0.194174757281553,7.78816199376947,1.31,-0.0966948738126047,2023-11-27,Selenium,https://www.morningstar.com/etfs/xnas/ENZL/portfolio,iShares MSCI New Zealand ETF,-0.692517496243898,1.6414456831486,-0.760020079865597,-0.224566604392087,-0.447815871710044,22.38,1.07,5.15,12.84,9.76,7.34,0.53,-16.71,6.17,,4.33,1.03,0.0,8.33,13.37,0.0,17.48,0.0,4.25,33.22,17.99,2023-11-27
VNQ,3.56633380884451,0.537634408602151,0.26525198938992,8.17661488143908,4.7,-0.118371558257519,2023-11-27,Selenium,https://www.morningstar.com/etfs/arcx/VNQ/portfolio,Vanguard Real Estate ETF,-0.972093033243931,0.337788542541464,-0.633492437203083,-0.18494827192808,0.860887408546032,28.04,1.86,3.77,12.23,5.64,6.04,10.14,6.76,4.52,,0.0,0.0,0.0,99.31,0.69,0.0,0.0,0.0,0.0,0.0,0.0,2023-11-27
XLP,5.59284116331096,0.23696682464455,0.88495575221239,7.43494423791822,2.88,-0.125249842084457,2023-11-27,Selenium,https://www.morningstar.com/etfs/arcx/XLP/portfolio,Consumer Staples Select Sector SPDR® ETF,-0.343934863906365,-0.649671716460619,0.469668925910644,-0.260591303725531,0.158279747759584,17.88,4.22,1.13,13.45,7.93,7.75,9.15,-10.38,3.55,,0.0,0.0,0.0,0.0,0.0,0.0,0.0,0.0,99.28,0.72,0.0,2023-11-27
IYR,3.67242012486228,0.497512437810945,0.229357798165138,7.86782061369001,4.63,-0.162631571028095,2023-11-27,Selenium,https://www.morningstar.com/etfs/arcx/IYR/portfolio,iShares US Real Estate ETF,-0.939209369676355,0.206018927913688,-0.697389233212598,-0.216442217142532,0.833864036977323,27.23,2.01,4.36,12.71,5.69,6.65,11.23,12.61,3.8,,0.0,0.0,0.0,99.28,0.72,0.0,0.0,0.0,0.0,0.0,0.0,2023-11-27
CGW,5.3134962805526,0.427350427350427,0.5,8.87311446317658,2.34,-0.166927696767868,2023-11-27,Selenium,https://www.morningstar.com/etfs/arcx/CGW/portfolio,Invesco S&P Global Water ETF,-0.430523629439618,-0.0244089622815511,-0.215607391300855,-0.113912239332571,-0.0501862614847464,18.82,2.34,2.0,11.27,11.89,5.14,5.67,-8.8,5.08,,5.86,1.0,0.0,0.51,0.0,0.45,50.91,1.87,0.0,0.0,39.4,2023-11-27
VTI,5.93471810089021,0.326797385620915,0.526315789473684,8.79507475813544,1.79,-0.229151327138414,2023-11-27,Selenium,https://www.morningstar.com/etfs/arcx/VTI/portfolio,Vanguard Total Stock Market ETF,-0.237962985356212,-0.35464786373783,-0.16876152085627,-0.12187151336001,-0.26251275238175,16.85,3.06,1.9,11.37,11.05,15.12,10.47,7.51,4.02,,2.39,10.71,12.52,2.93,8.04,4.65,9.34,27.74,6.19,13.06,2.44,2023-11-27
XLI,5.99520383693046,0.257731958762887,0.588235294117647,9.18273645546373,1.94,-0.229232768508096,2023-11-27,Selenium,https://www.morningstar.com/etfs/arcx/XLI/portfolio,Industrial Select Sector SPDR® ETF,-0.219214171472888,-0.581474325691691,-0.0585359433395985,-0.0823338744446416,-0.204605527591658,16.68,3.88,1.7,10.89,10.16,10.78,6.04,3.56,5.19,,0.0,0.36,0.0,0.0,0.0,0.0,97.12,2.52,0.0,0.0,0.0,2023-11-27
XLV,6.20732464307883,0.257731958762887,0.694444444444444,6.77048070412999,1.91,-0.229790528942828,2023-11-27,Selenium,https://www.morningstar.com/etfs/arcx/XLV/portfolio,Health Care Select Sector SPDR® ETF,-0.153462908851068,-0.581474325691691,0.130531540317469,-0.328359977939174,-0.216186972549676,16.11,3.88,1.44,14.77,9.18,12.96,12.46,9.44,8.58,,0.0,0.0,0.0,0.0,0.0,0.0,0.0,0.0,0.0,100.0,0.0,2023-11-27
EFG,5.3850296176629,0.325732899022801,0.490196078431373,8.35421888053467,2.2,-0.254124293692202,2023-11-27,Selenium,https://www.morningstar.com/etfs/bats/EFG/portfolio,iShares MSCI EAFE Growth ETF,-0.408350381468534,-0.358143878166927,-0.233059774407661,-0.166834429795721,-0.104233004622165,18.57,3.07,2.04,11.97,10.03,8.23,7.78,1.7,9.22,,5.55,13.13,8.47,1.27,3.85,0.32,18.78,17.13,13.14,17.71,0.64,2023-11-27
INDY,5.720823798627,0.341296928327645,0.469483568075117,8.65800865800866,1.68,-0.264410404033263,2023-11-27,Selenium,https://www.morningstar.com/etfs/xnas/INDY/portfolio,iShares India 50 ETF,-0.304263980043086,-0.307028090404971,-0.269931006323449,-0.135850892833659,-0.304978050561151,17.48,2.93,2.13,11.55,11.4,16.9,16.94,-0.98,12.59,,6.78,8.13,35.25,0.0,2.83,12.36,4.99,13.67,9.32,4.18,2.5,2023-11-27
CGGO,5.92768227622999,0.341296928327645,0.492610837438424,7.65110941086457,1.48,-0.279333084583423,2023-11-27,Selenium,https://www.morningstar.com/etfs/arcx/CGGO/portfolio,Capital Group Global Growth Equity ETF,-0.240143885775151,-0.307028090404971,-0.228761157878891,-0.238544605243494,-0.382187683614606,16.87,2.93,2.03,13.07,12.56,14.08,6.64,15.7,5.4,,3.7,15.63,9.26,0.0,5.45,3.43,6.45,29.83,5.31,20.95,0.0,2023-11-27
IWB,5.78034682080925,0.306748466257669,0.487804878048781,8.29187396351576,1.74,-0.279726245639141,2023-11-27,Selenium,https://www.morningstar.com/etfs/arcx/IWB/portfolio,iShares Russell 1000 ETF,-0.285813579374649,-0.420493043476045,-0.237316453214199,-0.173192991485696,-0.281815160645114,17.3,3.26,2.05,12.06,10.98,15.23,11.58,8.04,4.55,,2.3,10.87,12.62,2.7,8.54,4.11,8.85,29.2,5.94,12.57,2.3,2023-11-27
SPY,5.71102227298686,0.292397660818713,0.460829493087558,7.96178343949045,1.76,-0.308243227113455,2023-11-27,Selenium,https://www.morningstar.com/etfs/arcx/SPY/portfolio,SPDR® S&P 500 ETF Trust,-0.307302167093951,-0.467624330025504,-0.285336497999477,-0.206858943108576,-0.274094197339768,17.51,3.42,2.17,12.56,10.94,14.92,11.41,7.98,4.72,,2.18,10.89,12.37,2.38,8.83,4.14,8.14,29.65,6.27,12.74,2.4,2023-11-27
XAR,4.75737392959087,0.373134328358209,0.662251655629139,5.70776255707763,0.81,-0.361947012330599,2023-11-27,Selenium,https://www.morningstar.com/etfs/arcx/XAR/portfolio,SPDR® S&P Aerospace & Defense ETF,-0.602905336882175,-0.202466877432418,0.0732237701819852,-0.436746663176702,-0.640839954343683,21.02,2.68,1.51,17.52,11.68,-0.34,-4.1,-11.42,2.79,,0.0,0.0,0.0,0.0,0.0,0.0,100.0,0.0,0.0,0.0,0.0,2023-11-27
XHE,5.41711809317443,0.436681222707424,0.423728813559322,7.08215297450425,0.35,-0.371708808804284,2023-11-27,Selenium,https://www.morningstar.com/etfs/arcx/XHE/portfolio,SPDR® S&P Health Care Equipment ETF,-0.398403890038472,0.00623547726406427,-0.351381015809737,-0.296572505070646,-0.818422110366632,18.46,2.29,2.36,14.12,10.5,-1.44,8.94,-13.08,2.37,,0.0,0.0,0.0,0.0,0.0,0.0,1.63,0.0,0.0,98.37,0.0,2023-11-27
XBI,5.56173526140156,0.386100386100386,0.268096514745308,11.0864745011087,0.16,-0.384366351854852,2023-11-27,Selenium,https://www.morningstar.com/etfs/arcx/XBI/portfolio,SPDR® S&P Biotech ETF,-0.353576786180144,-0.15988341509904,-0.628428775084639,0.111828478856975,-0.891771261767414,17.98,2.59,3.73,9.02,10.07,12.85,21.26,2.36,-6.03,,0.0,0.0,0.0,0.0,0.0,0.0,0.0,0.0,0.0,100.0,0.0,2023-11-27
IWL,5.43183052688756,0.261780104712042,0.396825396825397,7.20980533525595,1.63,-0.393825880769468,2023-11-27,Selenium,https://www.morningstar.com/etfs/arcx/IWL/portfolio,iShares Russell Top 200 ETF,-0.393843464729691,-0.568179300019769,-0.399272946853435,-0.283553233419929,-0.324280458824514,18.41,3.82,2.52,13.87,10.9,16.06,11.77,9.24,5.66,,1.6,10.87,12.33,1.11,10.02,3.76,5.91,33.14,6.72,13.21,1.33,2023-11-27
XLY,4.88519785051295,0.228310502283105,0.609756097560976,8.40336134453781,1.02,-0.396640548992794,2023-11-27,Selenium,https://www.morningstar.com/etfs/arcx/XLY/portfolio,Consumer Discret Sel Sect SPDR® ETF,-0.563283649851534,-0.678101034342267,-0.0202258340807556,-0.161822387051858,-0.559769839637555,20.47,4.38,1.64,11.9,11.99,31.26,12.26,-8.47,9.72,,0.0,98.99,0.0,0.0,0.0,0.0,0.43,0.58,0.0,0.0,0.0,2023-11-27
SOXX,5.64971751412429,0.308641975308642,0.217864923747277,6.71591672263264,1.63,-0.423326560129999,2023-11-27,Selenium,https://www.morningstar.com/etfs/xnas/SOXX/portfolio,iShares Semiconductor ETF,-0.326304854162379,-0.414274332056325,-0.717848194041168,-0.333924961565608,-0.324280458824514,17.7,3.24,4.59,14.89,7.88,15.89,14.38,1.12,19.09,,0.0,0.0,0.0,0.0,0.0,0.0,0.0,100.0,0.0,0.0,0.0,2023-11-27
XSD,4.9800796812749,0.396825396825397,0.302114803625378,6.67556742323097,0.83,-0.439512728177719,2023-11-27,Selenium,https://www.morningstar.com/etfs/arcx/XSD/portfolio,SPDR® S&P Semiconductor ETF,-0.533873049893204,-0.124660057366493,-0.567871353646995,-0.338040188943566,-0.633118991038338,20.08,2.52,3.31,14.98,11.37,11.2,14.88,8.01,14.62,,0.0,0.0,0.0,0.0,0.0,0.0,0.0,100.0,0.0,0.0,0.0,2023-11-27
IWP,4.91883915395967,0.164473684210526,0.549450549450549,8.10372771474878,0.94,-0.470245092053282,2023-11-27,Selenium,https://www.morningstar.com/etfs/arcx/IWP/portfolio,iShares Russell Mid-Cap Growth ETF,-0.552855827055507,-0.887755564032793,-0.127578338047843,-0.192382038271328,-0.590653692858937,20.33,6.08,1.82,12.34,12.37,23.73,15.69,9.81,3.48,,0.86,12.82,8.99,1.71,3.83,4.21,18.39,26.82,2.95,18.97,0.45,2023-11-27
ARKK,3.27118089630357,0.431034482758621,0.325732899022801,10.183299389002,0.0,-0.507108930993437,2023-11-27,Selenium,https://www.morningstar.com/etfs/arcx/ARKK/portfolio,ARK Innovation ETF,-1.0635818269104,-0.0123096921850926,-0.525827764635844,0.0197135969743341,-0.953538968210179,30.57,2.32,3.07,9.82,14.23,584.65,22.77,-5.91,17.33,,0.0,11.86,10.62,0.0,17.65,0.0,1.07,33.32,0.1,25.37,0.0,2023-11-27
QQQ,4.60617227084293,0.183823529411765,0.27027027027027,6.45577792123951,0.95,-0.609157733176738,2023-11-27,Selenium,https://www.morningstar.com/etfs/xnas/QQQ/portfolio,Invesco QQQ Trust,-0.64977344074105,-0.824206301745976,-0.624559179236018,-0.360456532954381,-0.586793211206264,21.71,5.44,3.7,15.49,11.23,10.02,13.2,5.47,9.71,,0.0,14.02,0.49,0.28,15.56,0.49,4.78,50.42,6.11,6.65,1.22,2023-11-27
IWF,4.27715996578272,0.119047619047619,0.291545189504373,5.88928150765607,0.87,-0.682260011897613,2023-11-27,Selenium,https://www.morningstar.com/etfs/arcx/IWF/portfolio,iShares Russell 1000 Growth ETF,-0.751757658454667,-1.03694502263946,-0.586686779049945,-0.418233534916342,-0.617677064427646,23.38,8.4,3.43,16.98,12.93,15.71,15.73,9.66,10.42,,0.62,15.55,6.12,0.91,11.5,0.53,5.09,44.83,4.11,10.68,0.06,2023-11-27
XLK,4.29737859905458,0.143884892086331,0.177304964539007,5.11770726714432,1.04,-0.707978063401847,2023-11-27,Selenium,https://www.morningstar.com/etfs/arcx/XLK/portfolio,Technology Select Sector SPDR® ETF,-0.745490471891261,-0.955373807861715,-0.790050724624882,-0.496926436299168,-0.552048876332209,23.27,6.95,5.64,19.54,10.1,11.75,12.36,4.64,13.62,,0.0,0.0,0.0,0.0,0.0,0.0,0.0,100.0,0.0,0.0,0.0,2023-11-27
MGK,3.94011032308905,0.139275766016713,0.216919739696312,5.37345513164965,0.69,-0.740856724647145,2023-11-27,Selenium,https://www.morningstar.com/etfs/arcx/MGK/portfolio,Vanguard Mega Cap Growth ETF,-0.856233216396119,-0.970511218960611,-0.719530756885883,-0.470842696817354,-0.687165734175757,25.38,7.18,4.61,18.61,13.59,14.38,16.32,10.59,15.24,,1.75,17.57,6.1,1.18,14.87,0.6,1.2,46.71,2.34,7.67,0.0,2023-11-27
